Código,Unidade Territorial,Referência,"Número total de agricultores familiares fornecedores do PAA, todas as modalidades","Valores pagos aos agricultores familiares fornecedores do PAA, todas as modalidades"
21,MARANHÃO,12/2011,6342,"28311801,15"
22,PIAUÍ,12/2011,4543,"12411796,8"
23,CEARÁ,12/2011,9098,"40759094,75"
24,RIO GRANDE DO NORTE,12/2011,7897,"29361850,85"
25,PARAÍBA,12/2011,8605,"43753958,58"
26,PERNAMBUCO,12/2011,14175,"64564215,93"
27,ALAGOAS,12/2011,6290,"31836498,24"
28,SERGIPE,12/2011,4878,"17882382,51"
29,BAHIA,12/2011,12073,"41953654,3"
21,MARANHÃO,12/2012,8625,"34333329,24"
22,PIAUÍ,12/2012,5786,"17316405,03"
23,CEARÁ,12/2012,9097,"33820630,79"
24,RIO GRANDE DO NORTE,12/2012,6411,"26935869,13"
25,PARAÍBA,12/2012,8044,"28314769,32"
26,PERNAMBUCO,12/2012,9339,"42093731,06"
27,ALAGOAS,12/2012,7294,"39171118,82"
28,SERGIPE,12/2012,4174,"17088872,52"
29,BAHIA,12/2012,13618,"54154723,96"
21,MARANHÃO,12/2013,2918,"11361194,34"
22,PIAUÍ,12/2013,2358,"9287052,95"
23,CEARÁ,12/2013,6308,"21427947,92"
24,RIO GRANDE DO NORTE,12/2013,5276,"20465101,51"
25,PARAÍBA,12/2013,4586,"21533673,75"
26,PERNAMBUCO,12/2013,10139,"44162801,25"
27,ALAGOAS,12/2013,6314,"36874711,44"
28,SERGIPE,12/2013,382,"1721015,68"
29,BAHIA,12/2013,6250,"26367307,31"
21,MARANHÃO,12/2014,2300,"7597620,78"
22,PIAUÍ,12/2014,3744,"12618474,67"
23,CEARÁ,12/2014,7187,"29345402,41"
24,RIO GRANDE DO NORTE,12/2014,1671,"6764818,88"
25,PARAÍBA,12/2014,4912,"27953569,34"
26,PERNAMBUCO,12/2014,7227,"34348570,94"
27,ALAGOAS,12/2014,7614,"49952934,01"
28,SERGIPE,12/2014,481,"2851040,08"
29,BAHIA,12/2014,11652,"61863572,59"
21,MARANHÃO,12/2015,3397,"15805287,63"
22,PIAUÍ,12/2015,5185,"21890045,09"
23,CEARÁ,12/2015,6800,"33274717,91"
24,RIO GRANDE DO NORTE,12/2015,2201,"11020627,31"
25,PARAÍBA,12/2015,4697,"29198826,64"
26,PERNAMBUCO,12/2015,9081,"41619102,6"
27,ALAGOAS,12/2015,7808,"58041727,36"
28,SERGIPE,12/2015,645,"4268954,17"
29,BAHIA,12/2015,10714,"63624576,73"
21,MARANHÃO,12/2016,3226,"15565857,18"
22,PIAUÍ,12/2016,3429,"13311243,22"
23,CEARÁ,12/2016,6782,"34916150,86"
24,RIO GRANDE DO NORTE,12/2016,1687,"8370066,67"
25,PARAÍBA,12/2016,4036,"24837607,94"
26,PERNAMBUCO,12/2016,5669,"24581348,99"
27,ALAGOAS,12/2016,6874,"31297186,9"
28,SERGIPE,12/2016,638,"4090411,54"
29,BAHIA,12/2016,9329,"46124324,52"
21,MARANHÃO,12/2017,3623,"17210999,18"
22,PIAUÍ,12/2017,2965,"13044035,77"
23,CEARÁ,12/2017,7271,"34285285,86"
24,RIO GRANDE DO NORTE,12/2017,1539,"8108291,79"
25,PARAÍBA,12/2017,3629,"20293330,79"
26,PERNAMBUCO,12/2017,6517,"33230534,39"
27,ALAGOAS,12/2017,4633,"29048847,06"
28,SERGIPE,12/2017,293,"1976504,23"
29,BAHIA,12/2017,6804,"29345122,64"
21,MARANHÃO,12/2018,3434,"14455480,4"
22,PIAUÍ,12/2018,2462,"10833124,86"
23,CEARÁ,12/2018,5920,"24334443,41"
24,RIO GRANDE DO NORTE,12/2018,1361,"5065802,89"
25,PARAÍBA,12/2018,1269,"7656680,58"
26,PERNAMBUCO,12/2018,5237,"23363577,63"
27,ALAGOAS,12/2018,4251,"17377821,14"
28,SERGIPE,12/2018,270,"1780460,11"
29,BAHIA,12/2018,4696,"16317814,67"
21,MARANHÃO,12/2019,3085,"14602240,81"
22,PIAUÍ,12/2019,1221,"5170973,1"
23,CEARÁ,12/2019,5036,"25189874,61"
24,RIO GRANDE DO NORTE,12/2019,689,"4777273,33"
25,PARAÍBA,12/2019,2240,"19787908,75"
26,PERNAMBUCO,12/2019,4308,"21454184,83"
27,ALAGOAS,12/2019,4248,"37367699,74"
28,SERGIPE,12/2019,165,"1415144,53"
29,BAHIA,12/2019,4013,"21355835,15"
21,MARANHÃO,12/2020,4748,"25914173,76"
22,PIAUÍ,12/2020,2682,"13459024,64"
23,CEARÁ,12/2020,5566,"34392583,01"
24,RIO GRANDE DO NORTE,12/2020,1662,"9320172,85"
25,PARAÍBA,12/2020,3316,"26048541,69"
26,PERNAMBUCO,12/2020,4523,"30446590,72"
27,ALAGOAS,12/2020,4648,"24127436,39"
28,SERGIPE,12/2020,577,"4210094,59"
29,BAHIA,12/2020,7492,"41234107,33"
21,MARANHÃO,12/2021,4142,"18661505,37"
22,PIAUÍ,12/2021,1004,"4136012,31"
23,CEARÁ,12/2021,4499,"28780153,43"
24,RIO GRANDE DO NORTE,12/2021,1229,"8693389,01"
25,PARAÍBA,12/2021,2921,"21615565,46"
26,PERNAMBUCO,12/2021,3952,"27264101,65"
27,ALAGOAS,12/2021,3580,"31034194,76"
28,SERGIPE,12/2021,506,"2851191,31"
29,BAHIA,12/2021,6580,"37863930,04"
21,MARANHÃO,12/2022,1729,"11762056,4"
22,PIAUÍ,12/2022,37,"199999,97"
23,CEARÁ,12/2022,1081,"3662125,81"
24,RIO GRANDE DO NORTE,12/2022,605,"2150364,34"
25,PARAÍBA,12/2022,1435,"8340292,18"
26,PERNAMBUCO,12/2022,1453,"8742342,85"
27,ALAGOAS,12/2022,6,8780
28,SERGIPE,12/2022,296,"2240116,87"
29,BAHIA,12/2022,3267,"13693981,03"
21,MARANHÃO,12/2023,5537,"45879158,5"
22,PIAUÍ,12/2023,1378,"10490835,84"
23,CEARÁ,12/2023,2231,"17666683,04"
24,RIO GRANDE DO NORTE,12/2023,475,"5906687,15"
25,PARAÍBA,12/2023,3083,"30067818,61"
26,PERNAMBUCO,12/2023,1631,"10433217,07"
27,ALAGOAS,12/2023,4274,"46306086,11"
28,SERGIPE,12/2023,655,"4854658,83"
29,BAHIA,12/2023,5610,"42886446,39"
21,MARANHÃO,12/2024,5761,"48033795,16"
22,PIAUÍ,12/2024,3922,35614733
23,CEARÁ,12/2024,5656,"48864202,2"
24,RIO GRANDE DO NORTE,12/2024,2163,"17778631,95"
25,PARAÍBA,12/2024,4331,"46691581,99"
26,PERNAMBUCO,12/2024,4388,"39884978,63"
27,ALAGOAS,12/2024,4738,"49639082,5"
28,SERGIPE,12/2024,1562,"20322503,63"
29,BAHIA,12/2024,9376,"87715222,74"
21,MARANHÃO,12/2025,5192,"36697868,79"
22,PIAUÍ,12/2025,3034,"25294743,4"
23,CEARÁ,12/2025,4522,"30985185,39"
24,RIO GRANDE DO NORTE,12/2025,1928,"12499839,46"
25,PARAÍBA,12/2025,3515,"29350573,21"
26,PERNAMBUCO,12/2025,3913,"37447163,78"
27,ALAGOAS,12/2025,2320,"21865751,16"
28,SERGIPE,12/2025,1193,"12499651,76"
29,BAHIA,12/2025,5561,"52180737,65"
21,MARANHÃO,4/2026,2234,"7905249,75"
22,PIAUÍ,4/2026,3500,"24635085,34"
23,CEARÁ,4/2026,2860,"10977875,36"
24,RIO GRANDE DO NORTE,4/2026,888,"4367647,11"
25,PARAÍBA,4/2026,2082,"12650803,28"
26,PERNAMBUCO,4/2026,1991,"9504672,89"
27,ALAGOAS,4/2026,1411,"7462146,48"
28,SERGIPE,4/2026,502,"2449084,21"
29,BAHIA,4/2026,2071,"8576249,86"